{
  "timestamp": "20250505_115446",
  "model_counts": {
    "successful": 5028,
    "failed": 0,
    "skipped": 0,
    "total": 5028
  },
  "average_metrics": {
    "normalized": {
      "MAE": 0.9126920852912249,
      "RMSE": 1.0881124789656689,
      "R2": -2.0622719028977057e+31
    },
    "denormalized": {
      "MAE": 0.7858635444181377,
      "RMSE": 0.9380223524288073,
      "R2": -7.889956472606484
    }
  },
  "best_municipalities": {
    "by_rmse": [
      "5107743",
      "3532868",
      "1101559",
      "5107768",
      "1715507"
    ],
    "by_r2": [
      "3101300",
      "4305157",
      "3160900",
      "4106555",
      "4323705"
    ]
  },
  "worst_municipalities": {
    "by_rmse": [
      "3550308",
      "3106200",
      "3304557",
      "5300108",
      "2927408"
    ],
    "by_r2": [
      "4204301",
      "4320701",
      "4310108",
      "2206209",
      "3162104"
    ]
  },
  "paths": {
    "models": "models/xgboost_20250505_115446",
    "results": "results/xgboost_20250505_115446"
  }
}